,portion,acc_tr_no_pt_dic,acc_val_no_pt_dic,acc_tr_pt_no_fn_dic,acc_val_pt_no_fn_dic,acc_tr_pt_fn_dic,acc_val_pt_fn_dic,acc_test_no_pt_dic,acc_test_pt_no_fn_dic,acc_test_pt_fn_dic
0,0.2,"[53.4, 66.725, 79.425, 91.375, 97.15]","[55.0, 59.4, 64.6, 60.8, 60.6]","[52.95, 58.225, 62.5, 58.65, 62.35]","[57.8, 56.0, 55.0, 61.4, 68.8]","[54.55, 55.45, 66.5, 79.1, 89.95]","[62.0, 60.0, 68.6, 70.0, 73.0]",61.0,63.0,67.2
1,0.4,"[55.7875, 69.3625, 79.35, 90.4125, 96.95]","[61.6, 70.6, 70.0, 72.0, 73.3]","[56.95, 59.975, 65.9375, 74.9125, 78.1875]","[52.5, 60.7, 68.9, 77.3, 78.0]","[54.0125, 68.0125, 83.6, 90.1, 96.825]","[57.3, 74.7, 77.5, 77.9, 76.9]",73.6,79.1,75.4
2,0.6,"[53.18333333333333, 58.775, 73.66666666666667, 83.55, 91.66666666666667]","[57.2, 62.666666666666664, 74.33333333333333, 76.0, 75.46666666666667]","[58.233333333333334, 54.45, 59.40833333333333, 65.375, 70.41666666666667]","[63.06666666666667, 49.6, 58.4, 58.86666666666667, 68.06666666666666]","[55.075, 67.90833333333333, 84.49166666666666, 92.65, 97.09166666666667]","[55.266666666666666, 74.2, 79.26666666666667, 77.93333333333334, 77.66666666666667]",77.86666666666666,69.66666666666667,80.33333333333333
3,0.8,"[52.76875, 55.83125, 65.94375, 77.8625, 87.3625]","[53.7, 57.75, 64.85, 73.55, 74.25]","[56.91875, 69.5375, 78.71875, 80.7875, 82.50625]","[68.3, 77.85, 80.5, 80.4, 80.3]","[60.425, 79.63125, 89.74375, 95.425, 97.89375]","[60.8, 80.85, 82.95, 80.4, 79.75]",71.95,79.75,79.45
4,1.0,"[61.62, 73.795, 84.73, 91.255, 94.915]","[70.4, 74.44, 80.0, 80.72, 81.32]","[59.865, 66.425, 76.485, 80.305, 82.46]","[71.44, 65.04, 78.24, 80.68, 81.2]","[61.205, 77.855, 90.94, 96.12, 98.62]","[60.32, 81.28, 82.52, 81.04, 81.52]",80.8,81.0,81.6
